t,AntennaId,EventCode,PhoneId,x,y,TileId
0,43,0,106,9644.227293,5285.921191,878
0,43,0,107,9644.227293,5285.921191,878
10,43,1,107,9531.409571,5374.346364,878
10,43,1,106,9531.409571,5374.346364,878
