"region", "pntRate"
1,0.3684211
2,0.4
3,0.4153846      
4,0.4615385
5,0.3666667
6,0.3720930
7,0.4062500
8,0.5833333
9,0.5303030
10,0.5217391 

