t,AntennaId,EventCode,PhoneId,x,y,TileId
0,47,0,562,8237.345665,4602.405777,752
0,47,0,649,8790.629736,5237.544642,835
10,47,2,649,8765.009535,5263.917833,875
10,47,1,562,8213.669120,4622.828795,752
20,47,1,649,8740.214038,5291.067846,874
