t,AntennaId,EventCode,PhoneId,x,y,TileId
10,9,0,685,8378.145732,3703.108754,593
20,9,2,685,8264.303724,3831.062263,633
30,9,2,685,8146.941192,3955.794534,632
40,9,1,685,8023.639432,4074.659075,672
50,9,0,404,8153.242897,3634.775583,592
60,9,2,404,8025.757723,3760.611288,632
70,9,1,404,7884.636179,3870.937188,631
120,9,0,669,8363.787090,3724.892698,593
130,9,2,669,8269.808581,3851.458295,633
140,9,2,669,8149.246186,3953.023640,632
150,9,1,669,8021.876741,4045.909780,672
